dni;nombre
72618065Q;cacahuetes
28788100Z;cacahuetes
54316892J;nueces
50375786R;cacahuetes
43309271U;cacahuetes
63009191A;nueces
16738074R;cacahuetes
88379884B;cacahuetes
15365435L;nueces
57907047X;cacahuetes
14743597T;cacahuetes
44787964N;cacahuetes
28330738A;nueces
45827456J;nueces
54490939T;cacahuetes
78321051K;nueces
21618977F;cacahuetes
32682319M;nueces
51196699Y;nueces
59543215K;nueces
49369250N;cacahuetes
82435283R;cacahuetes
69214021C;cacahuetes
69952713I;nueces
15218869B;nueces
45305875S;cacahuetes
26541966T;cacahuetes
79745977O;cacahuetes
50375786R;nueces
42699974G;nueces
11857169Q;nueces
30456194Y;nueces
49343233R;cacahuetes
49823477Z;nueces
10445896G;cacahuetes
98552092U;cacahuetes
85056989X;cacahuetes
34024005M;cacahuetes
83394937V;nueces
51767904V;nueces
26267007W;cacahuetes
10807063K;cacahuetes
41162981V;cacahuetes
28725720Y;cacahuetes
10704516B;nueces
77143886N;nueces
55640716M;cacahuetes
26312157F;nueces
92763531E;nueces
46789960E;cacahuetes
34729826P;nueces
79911154L;cacahuetes
47715136N;cacahuetes
70967038M;nueces
56602905Q;nueces
65010491V;cacahuetes
64076095P;cacahuetes
11173941N;cacahuetes
73602649D;nueces
70554299L;cacahuetes
31461102Y;cacahuetes
22910495W;nueces
76848080Y;nueces
35898275V;cacahuetes
57121724E;cacahuetes
28787504D;nueces
50375786R;cacahuetes
76718147H;nueces
89993421C;nueces
87219797G;nueces
19309031B;cacahuetes
31771803R;nueces
20091119Y;cacahuetes
32682319M;cacahuetes
87353127G;nueces
25919196I;cacahuetes
88026576W;cacahuetes
47490750Q;cacahuetes
58824249L;cacahuetes
37696336T;nueces
58791794T;cacahuetes
45136758A;cacahuetes
60874464M;cacahuetes
94875997I;cacahuetes
23760804P;cacahuetes
85908433V;nueces
48190234M;nueces
87194460J;nueces
93318189A;cacahuetes
14984984Y;cacahuetes
29392810P;nueces
48185627B;nueces
37061725F;cacahuetes
32332505Z;nueces
49759261T;nueces
57821072K;nueces
32453752L;cacahuetes
17201467H;cacahuetes
49369250N;cacahuetes
65765873T;cacahuetes
44030412D;cacahuetes
47704520F;nueces
62014418E;cacahuetes
50354514L;cacahuetes
34010383O;nueces
83186109G;cacahuetes
41241425H;cacahuetes
95251331V;cacahuetes
48687445U;cacahuetes
35676663Y;nueces
18956823R;nueces
11173941N;nueces
34384213U;nueces
26413423E;nueces
81593649S;nueces
17600812O;cacahuetes
69380556W;cacahuetes
54677026B;nueces
64292404C;nueces
91521857O;nueces
53985531V;cacahuetes
78648209L;cacahuetes
12443508N;cacahuetes
94333151M;cacahuetes
34729826P;cacahuetes
13839837L;cacahuetes
78579296V;cacahuetes
41236452N;nueces
48919844O;nueces
65412913F;cacahuetes
13652980E;cacahuetes
61970085L;cacahuetes
57381612B;cacahuetes
99286361Y;cacahuetes
22870148D;cacahuetes
75079017R;cacahuetes
44712660A;nueces
98391937I;nueces
93308103K;nueces
11468577V;nueces
98664817K;nueces
91521857O;nueces
57554743L;nueces
78321051K;nueces
35920350E;cacahuetes
15664090E;nueces
32850764I;nueces
83389659B;nueces
57905181Z;cacahuetes
16992544O;nueces
