dni;especialidad
14743597T;Dermatologo
61944479M;Medico familia
22620208Q;Otorrino
34528488H;Cirjuano
42257166C;Cirjuano
57381612B;Otorrino
30825014M;Cirjuano
68894723S;Dermatologo
47490750Q;Pediatra
40768656D;Pediatra
76219555X;Medico familia
31226270F;Pediatra
73862700I;Pediatra
79522971A;Dermatologo
83389659B;Dermatologo
39199135H;Medico familia
46811184A;Cirjuano
44249549A;Medico familia
26312157F;Cirjuano
10704516B;Otorrino
58542679F;Cirjuano
23433156O;Otorrino
84093018Q;Medico familia
29377616Y;Cirjuano
95597594F;Pediatra
45195858C;Pediatra
48385962M;Medico familia
56859184H;Medico familia
89298394L;Dermatologo
98348956D;Dermatologo
85000841Q;Cirjuano
53985531V;Dermatologo
76375197G;Cirjuano
13281184Z;Pediatra
60983177G;Dermatologo
14740538V;Dermatologo
93528895M;Medico familia
23457496H;Pediatra
15604123V;Medico familia
25195954L;Pediatra
30456194Y;Pediatra
50985876H;Pediatra
45783499H;Otorrino
50417967F;Dermatologo
56646001J;Otorrino
73859707P;Otorrino
97641400Q;Cirjuano
77736246U;Dermatologo
48679671A;Pediatra
63604952H;Medico familia
24708430T;Otorrino
73797432S;Otorrino
94218441N;Pediatra
73210188X;Otorrino
77330535U;Dermatologo
29416563M;Cirjuano
32699917L;Cirjuano
38241197C;Otorrino
67701691F;Medico familia
49373601Y;Medico familia
73704819R;Dermatologo
83394937V;Dermatologo
36858001K;Dermatologo
21277651S;Dermatologo
85863178Q;Dermatologo
10508131I;Medico familia
16343579G;Medico familia
81498395O;Medico familia
38192580I;Cirjuano
78275322Z;Dermatologo
55987618K;Cirjuano
30365789X;Cirjuano
74834629Q;Pediatra
78648209L;Pediatra
15417832D;Pediatra
59023544X;Medico familia
77341023E;Medico familia
69020509N;Otorrino
29093867V;Pediatra
60286221N;Pediatra
78884600E;Cirjuano
60096968Y;Dermatologo
29910791N;Otorrino
68620114Y;Otorrino
25939966W;Dermatologo
34024005M;Dermatologo
32332505Z;Pediatra
64360358B;Pediatra
31771803R;Otorrino
76922044B;Cirjuano
54670348P;Pediatra
33364802R;Pediatra
31775379Z;Pediatra
27512138C;Otorrino
26543439D;Dermatologo
97728324Q;Dermatologo
48469220T;Cirjuano
36912477P;Medico familia
50243889R;Dermatologo
64847861S;Cirjuano
56602905Q;Dermatologo
58383842A;Pediatra
23701173J;Dermatologo
84149792L;Pediatra
39882348O;Otorrino
42490358R;Otorrino
14743597T;Enfermero
61944479M;Enfermero
22620208Q;Enfermero
34528488H;Enfermero
42257166C;Enfermero
57381612B;Enfermero
30825014M;Enfermero
68894723S;Enfermero
47490750Q;Enfermero
40768656D;Enfermero
76219555X;Enfermero
31226270F;Enfermero
73862700I;Enfermero
79522971A;Enfermero
83389659B;Enfermero
39199135H;Enfermero
46811184A;Enfermero
44249549A;Enfermero
26312157F;Enfermero
10704516B;Enfermero
58542679F;Enfermero
23433156O;Enfermero
84093018Q;Enfermero
29377616Y;Enfermero
95597594F;Enfermero
45195858C;Enfermero
48385962M;Enfermero
56859184H;Enfermero
89298394L;Enfermero
98348956D;Enfermero
85000841Q;Enfermero
53985531V;Enfermero
76375197G;Enfermero
13281184Z;Enfermero
60983177G;Enfermero
14740538V;Enfermero
93528895M;Enfermero
23457496H;Enfermero
15604123V;Enfermero
25195954L;Enfermero
30456194Y;Enfermero
50985876H;Enfermero
45783499H;Enfermero
50417967F;Enfermero
56646001J;Enfermero
73859707P;Enfermero
97641400Q;Enfermero
77736246U;Enfermero
48679671A;Enfermero
63604952H;Enfermero
24708430T;Enfermero
73797432S;Enfermero
94218441N;Enfermero
73210188X;Enfermero
77330535U;Enfermero
29416563M;Enfermero
32699917L;Enfermero
38241197C;Enfermero
67701691F;Enfermero
49373601Y;Enfermero
73704819R;Enfermero
83394937V;Enfermero
36858001K;Enfermero
21277651S;Enfermero
85863178Q;Enfermero
10508131I;Enfermero
16343579G;Enfermero
81498395O;Enfermero
38192580I;Enfermero
78275322Z;Enfermero
55987618K;Enfermero
30365789X;Enfermero
74834629Q;Enfermero
78648209L;Enfermero
15417832D;Enfermero
59023544X;Enfermero
77341023E;Enfermero
69020509N;Enfermero
29093867V;Enfermero
60286221N;Enfermero
78884600E;Enfermero
60096968Y;Enfermero
29910791N;Enfermero
68620114Y;Enfermero
25939966W;Enfermero
34024005M;Enfermero
32332505Z;Enfermero
64360358B;Enfermero
31771803R;Enfermero
76922044B;Enfermero
54670348P;Enfermero
33364802R;Enfermero
31775379Z;Enfermero
27512138C;Enfermero
26543439D;Enfermero
97728324Q;Enfermero
48469220T;Enfermero
36912477P;Enfermero
50243889R;Enfermero
64847861S;Enfermero
56602905Q;Enfermero
58383842A;Enfermero
23701173J;Enfermero
84149792L;Enfermero
39882348O;Enfermero
42490358R;Enfermero
